{"cameraMode":{"drawMode":0,"name":"Shaded","section":"Shading Mode"},"sceneLighting":true,"audioPlay":false,"sceneViewState":{"showFog":true,"showMaterialUpdate":true,"showSkybox":true,"showFlares":true,"showImageEffects":true,"showParticleSystems":true},"in2DMode":false,"pivot":{"x":7.458171844482422,"y":-26.9616641998291,"z":9.949437141418457},"rotation":{"x":0.2595518231391907,"y":-0.7320024967193604,"z":0.3756992816925049,"w":0.5060780644416809},"size":22.63686180114746,"orthographic":false}